{"cameraMode":{"drawMode":0,"name":"Shaded","section":"Shading Mode"},"sceneLighting":false,"audioPlay":false,"sceneViewState":{"showFog":true,"showMaterialUpdate":true,"showSkybox":true,"showFlares":true,"showImageEffects":true,"showParticleSystems":true},"in2DMode":false,"pivot":{"x":4.520171165466309,"y":20.825420379638673,"z":22.80609893798828},"rotation":{"x":-0.4189624786376953,"y":0.047527968883514407,"z":-0.022190090268850328,"w":-0.9066125154495239},"size":5.012043476104736,"orthographic":false}