{"cameraMode":{"drawMode":0,"name":"Shaded","section":"Shading Mode"},"sceneLighting":false,"audioPlay":false,"sceneViewState":{"showFog":true,"showMaterialUpdate":true,"showSkybox":false,"showFlares":true,"showImageEffects":true,"showParticleSystems":true},"in2DMode":false,"pivot":{"x":-0.19499993324279786,"y":0.5838931202888489,"z":8.460392951965332},"rotation":{"x":0.2673792541027069,"y":0.6575433611869812,"z":-0.2702919840812683,"w":0.6504856944084168},"size":5.808767318725586,"orthographic":false}