{"cameraMode":{"drawMode":0,"name":"Shaded","section":"Shading Mode"},"sceneLighting":false,"audioPlay":false,"sceneViewState":{"showFog":true,"showMaterialUpdate":true,"showSkybox":false,"showFlares":true,"showImageEffects":true,"showParticleSystems":true},"in2DMode":false,"pivot":{"x":-0.0213472843170166,"y":0.42018282413482668,"z":-2.086162567138672e-7},"rotation":{"x":0.15778785943984986,"y":0.7219496369361877,"z":-0.17504583299160005,"w":0.650618851184845},"size":0.5918406248092651,"orthographic":false}