{"cameraMode":{"drawMode":0,"name":"Shaded","section":"Shading Mode"},"sceneLighting":false,"audioPlay":false,"sceneViewState":{"showFog":true,"showMaterialUpdate":true,"showSkybox":false,"showFlares":true,"showImageEffects":true,"showParticleSystems":true},"in2DMode":false,"pivot":{"x":-0.0213472843170166,"y":0.42018282413482668,"z":4.0},"rotation":{"x":0.32295480370521548,"y":0.6259455680847168,"z":-0.3187921643257141,"w":0.6343002319335938},"size":5.026283264160156,"orthographic":false}