{"cameraMode":{"drawMode":0,"name":"Shaded","section":"Shading Mode"},"sceneLighting":false,"audioPlay":false,"sceneViewState":{"showFog":true,"showMaterialUpdate":true,"showSkybox":false,"showFlares":true,"showImageEffects":true,"showParticleSystems":true},"in2DMode":false,"pivot":{"x":-0.34801214933395388,"y":1.199102759361267,"z":2.9111437797546388},"rotation":{"x":-0.20217236876487733,"y":-0.31803810596466067,"z":0.06941989064216614,"w":-0.9237862825393677},"size":3.0187911987304689,"orthographic":false}