{"cameraMode":{"drawMode":0,"name":"Shaded","section":"Shading Mode"},"sceneLighting":false,"audioPlay":false,"sceneViewState":{"showFog":true,"showMaterialUpdate":true,"showSkybox":false,"showFlares":true,"showImageEffects":true,"showParticleSystems":true},"in2DMode":false,"pivot":{"x":3.0,"y":0.5838931202888489,"z":11.940393447875977},"rotation":{"x":0.26338979601860049,"y":0.6466379761695862,"z":-0.25453582406044009,"w":0.669142484664917},"size":7.269346714019775,"orthographic":false}