{"cameraMode":{"drawMode":0,"name":"Shaded","section":"Shading Mode"},"sceneLighting":false,"audioPlay":false,"sceneViewState":{"showFog":true,"showMaterialUpdate":true,"showSkybox":false,"showFlares":true,"showImageEffects":true,"showParticleSystems":true},"in2DMode":false,"pivot":{"x":0.04374051094055176,"y":1.0440335273742676,"z":3.003477096557617},"rotation":{"x":0.23305878043174745,"y":0.19107136130332948,"z":-0.04675818234682083,"w":0.9523612856864929},"size":3.9314584732055666,"orthographic":false}