{"cameraMode":{"drawMode":0,"name":"Shaded","section":"Shading Mode"},"sceneLighting":false,"audioPlay":false,"sceneViewState":{"showFog":true,"showMaterialUpdate":true,"showSkybox":false,"showFlares":true,"showImageEffects":true,"showParticleSystems":true},"in2DMode":false,"pivot":{"x":0.0,"y":1.012932538986206,"z":1.0206049680709839},"rotation":{"x":0.20010770857334138,"y":0.5133479237556458,"z":-0.12447591125965119,"w":0.8252043128013611},"size":1.8910274505615235,"orthographic":false}