{"cameraMode":{"drawMode":0,"name":"Shaded","section":"Shading Mode"},"sceneLighting":false,"audioPlay":false,"sceneViewState":{"showFog":true,"showMaterialUpdate":true,"showSkybox":false,"showFlares":true,"showImageEffects":true,"showParticleSystems":true},"in2DMode":false,"pivot":{"x":-0.0213472843170166,"y":0.42018282413482668,"z":7.739999771118164},"rotation":{"x":0.18434421718120576,"y":0.5997760891914368,"z":-0.14446501433849336,"w":0.7651597857475281},"size":0.5918406248092651,"orthographic":false}