{"cameraMode":{"drawMode":0,"name":"Shaded","section":"Shading Mode"},"sceneLighting":false,"audioPlay":false,"sceneViewState":{"showFog":true,"showMaterialUpdate":true,"showSkybox":false,"showFlares":true,"showImageEffects":true,"showParticleSystems":true},"in2DMode":false,"pivot":{"x":-0.2136315107345581,"y":0.9640529751777649,"z":2.934739589691162},"rotation":{"x":0.19348174333572389,"y":0.2417626678943634,"z":-0.04926500841975212,"w":0.9496071338653565},"size":3.496739149093628,"orthographic":false}