{"cameraMode":{"drawMode":0,"name":"Shaded","section":"Shading Mode"},"sceneLighting":false,"audioPlay":false,"sceneViewState":{"showFog":true,"showMaterialUpdate":true,"showSkybox":false,"showFlares":true,"showImageEffects":true,"showParticleSystems":true},"in2DMode":false,"pivot":{"x":0.19439983367919923,"y":0.40503883361816409,"z":2.7613494396209719},"rotation":{"x":0.34868761897087099,"y":0.586686372756958,"z":-0.308809369802475,"w":0.662488579750061},"size":6.580173015594482,"orthographic":false}