{"cameraMode":{"drawMode":0,"name":"Shaded","section":"Shading Mode"},"sceneLighting":false,"audioPlay":false,"sceneViewState":{"showFog":true,"showMaterialUpdate":true,"showSkybox":false,"showFlares":true,"showImageEffects":true,"showParticleSystems":true},"in2DMode":false,"pivot":{"x":-0.20417070388793946,"y":-0.14470863342285157,"z":4.767055034637451},"rotation":{"x":0.224274680018425,"y":0.049964237958192828,"z":-0.011516056023538113,"w":0.9731869697570801},"size":6.235621452331543,"orthographic":false}