{"cameraMode":{"drawMode":0,"name":"Shaded","section":"Shading Mode"},"sceneLighting":false,"audioPlay":false,"sceneViewState":{"showFog":true,"showMaterialUpdate":true,"showSkybox":false,"showFlares":true,"showImageEffects":true,"showParticleSystems":true},"in2DMode":false,"pivot":{"x":-0.0213472843170166,"y":0.42018282413482668,"z":4.0},"rotation":{"x":0.17408742010593415,"y":0.2597898244857788,"z":-0.04772839695215225,"w":0.9486877918243408},"size":4.118893146514893,"orthographic":false}