{"cameraMode":{"drawMode":0,"name":"Shaded","section":"Shading Mode"},"sceneLighting":false,"audioPlay":false,"sceneViewState":{"showFog":true,"showMaterialUpdate":true,"showSkybox":false,"showFlares":true,"showImageEffects":true,"showParticleSystems":true},"in2DMode":false,"pivot":{"x":-1.4282073974609376,"y":-0.4704809784889221,"z":22.24759864807129},"rotation":{"x":0.2873813509941101,"y":0.6287176012992859,"z":-0.26958176493644717,"w":0.6704720854759216},"size":1.7918405532836915,"orthographic":false}