{"cameraMode":{"drawMode":0,"name":"Shaded","section":"Shading Mode"},"sceneLighting":false,"audioPlay":false,"sceneViewState":{"showFog":true,"showMaterialUpdate":true,"showSkybox":false,"showFlares":true,"showImageEffects":true,"showParticleSystems":true},"in2DMode":false,"pivot":{"x":0.010216116905212403,"y":0.5058760643005371,"z":0.06988531351089478},"rotation":{"x":0.04485614225268364,"y":-0.9440788626670837,"z":0.14504319429397584,"w":0.2930130660533905},"size":0.9305605292320252,"orthographic":false}