{"cameraMode":{"drawMode":0,"name":"Shaded","section":"Shading Mode"},"sceneLighting":false,"audioPlay":false,"sceneViewState":{"showFog":true,"showMaterialUpdate":true,"showSkybox":false,"showFlares":true,"showImageEffects":true,"showParticleSystems":true},"in2DMode":false,"pivot":{"x":1.065000057220459,"y":0.5838931202888489,"z":3.9408929347991945},"rotation":{"x":0.2800116240978241,"y":0.6521369814872742,"z":-0.28305283188819888,"w":0.6451345682144165},"size":4.770120620727539,"orthographic":false}