{"cameraMode":{"drawMode":0,"name":"Shaded","section":"Shading Mode"},"sceneLighting":false,"audioPlay":false,"sceneViewState":{"showFog":true,"showMaterialUpdate":true,"showSkybox":false,"showFlares":true,"showImageEffects":true,"showParticleSystems":true},"in2DMode":false,"pivot":{"x":0.0,"y":0.5820000171661377,"z":1.2950000762939454},"rotation":{"x":0.1419258713722229,"y":0.6560962796211243,"z":-0.12756584584712983,"w":0.7301984429359436},"size":2.2360682487487795,"orthographic":false}