{"cameraMode":{"drawMode":0,"name":"Shaded","section":"Shading Mode"},"sceneLighting":false,"audioPlay":false,"sceneViewState":{"showFog":true,"showMaterialUpdate":true,"showSkybox":false,"showFlares":true,"showImageEffects":true,"showParticleSystems":true},"in2DMode":false,"pivot":{"x":0.4220215082168579,"y":0.42018282413482668,"z":12.688874244689942},"rotation":{"x":0.31513574719429018,"y":0.4589499533176422,"z":-0.17833274602890016,"w":0.8113783597946167},"size":0.5918406844139099,"orthographic":false}