{"cameraMode":{"drawMode":0,"name":"Shaded","section":"Shading Mode"},"sceneLighting":false,"audioPlay":false,"sceneViewState":{"showFog":true,"showMaterialUpdate":true,"showSkybox":false,"showFlares":true,"showImageEffects":true,"showParticleSystems":true},"in2DMode":false,"pivot":{"x":-0.010823249816894532,"y":0.6268458366394043,"z":4.183853626251221},"rotation":{"x":0.34602198004722597,"y":0.6144945025444031,"z":-0.3425208628177643,"w":0.620802640914917},"size":6.669334888458252,"orthographic":false}